s,x_u,x_H,x_bar,weak_pure_overlap
0.000000000000,0.500000000000,0.500000000000,0.750000000000,1
0.001000000000,0.500166666667,0.522029209754,0.749750000000,1
0.002000000000,0.500333333333,0.530961379959,0.749500000000,1
0.003000000000,0.500500000000,0.537739514710,0.749250000000,1
0.004000000000,0.500666666667,0.543402930853,0.749000000000,1
0.005000000000,0.500833333333,0.548354162328,0.748750000000,1
0.006000000000,0.501000000000,0.552799635035,0.748500000000,1
0.007000000000,0.501166666667,0.556861964903,0.748250000000,1
0.008000000000,0.501333333333,0.560621036194,0.748000000000,1
0.009000000000,0.501500000000,0.564132332002,0.747750000000,1
0.010000000000,0.501666666667,0.567436245819,0.747500000000,1
0.011000000000,0.501833333333,0.570563268894,0.747250000000,1
0.012000000000,0.502000000000,0.573537087900,0.747000000000,1
0.013000000000,0.502166666667,0.576376538017,0.746750000000,1
0.014000000000,0.502333333333,0.579096889450,0.746500000000,1
0.015000000000,0.502500000000,0.581710725980,0.746250000000,1
0.016000000000,0.502666666667,0.584228563327,0.746000000000,1
0.017000000000,0.502833333333,0.586659295735,0.745750000000,1
0.018000000000,0.503000000000,0.589010525733,0.745500000000,1
0.019000000000,0.503166666667,0.591288812378,0.745250000000,1
0.020000000000,0.503333333333,0.593499861342,0.745000000000,1
0.021000000000,0.503500000000,0.595648672666,0.744750000000,1
0.022000000000,0.503666666667,0.597739657170,0.744500000000,1
0.023000000000,0.503833333333,0.599776729284,0.744250000000,1
0.024000000000,0.504000000000,0.601763381872,0.744000000000,1
0.025000000000,0.504166666667,0.603702747165,0.743750000000,1
0.026000000000,0.504333333333,0.605597646806,0.743500000000,1
0.027000000000,0.504500000000,0.607450633317,0.743250000000,1
0.028000000000,0.504666666667,0.609264024704,0.743000000000,1
0.029000000000,0.504833333333,0.611039933540,0.742750000000,1
0.030000000000,0.505000000000,0.612780291578,0.742500000000,1
0.031000000000,0.505166666667,0.614486870694,0.742250000000,1
0.032000000000,0.505333333333,0.616161300806,0.742000000000,1
0.033000000000,0.505500000000,0.617805085303,0.741750000000,1
0.034000000000,0.505666666667,0.619419614371,0.741500000000,1
0.035000000000,0.505833333333,0.621006176573,0.741250000000,1
0.036000000000,0.506000000000,0.622565968952,0.741000000000,1
0.037000000000,0.506166666667,0.624100105872,0.740750000000,1
0.038000000000,0.506333333333,0.625609626794,0.740500000000,1
0.039000000000,0.506500000000,0.627095503140,0.740250000000,1
0.040000000000,0.506666666667,0.628558644359,0.740000000000,1
0.041000000000,0.506833333333,0.629999903326,0.739750000000,1
0.042000000000,0.507000000000,0.631420081144,0.739500000000,1
0.043000000000,0.507166666667,0.632819931440,0.739250000000,1
0.044000000000,0.507333333333,0.634200164204,0.739000000000,1
0.045000000000,0.507500000000,0.635561449249,0.738750000000,1
0.046000000000,0.507666666667,0.636904419321,0.738500000000,1
0.047000000000,0.507833333333,0.638229672904,0.738250000000,1
0.048000000000,0.508000000000,0.639537776762,0.738000000000,1
0.049000000000,0.508166666667,0.640829268240,0.737750000000,1
0.050000000000,0.508333333333,0.642104657360,0.737500000000,1
0.051000000000,0.508500000000,0.643364428724,0.737250000000,1
0.052000000000,0.508666666667,0.644609043250,0.737000000000,1
0.053000000000,0.508833333333,0.645838939761,0.736750000000,1
0.054000000000,0.509000000000,0.647054536442,0.736500000000,1
0.055000000000,0.509166666667,0.648256232166,0.736250000000,1
0.056000000000,0.509333333333,0.649444407726,0.736000000000,1
0.057000000000,0.509500000000,0.650619426953,0.735750000000,1
0.058000000000,0.509666666667,0.651781637763,0.735500000000,1
0.059000000000,0.509833333333,0.652931373106,0.735250000000,1
0.060000000000,0.510000000000,0.654068951855,0.735000000000,1
0.061000000000,0.510166666667,0.655194679626,0.734750000000,1
0.062000000000,0.510333333333,0.656308849531,0.734500000000,1
0.063000000000,0.510500000000,0.657411742887,0.734250000000,1
0.064000000000,0.510666666667,0.658503629868,0.734000000000,1
0.065000000000,0.510833333333,0.659584770109,0.733750000000,1
0.066000000000,0.511000000000,0.660655413279,0.733500000000,1
0.067000000000,0.511166666667,0.661715799600,0.733250000000,1
0.068000000000,0.511333333333,0.662766160344,0.733000000000,1
0.069000000000,0.511500000000,0.663806718295,0.732750000000,1
0.070000000000,0.511666666667,0.664837688169,0.732500000000,1
0.071000000000,0.511833333333,0.665859277028,0.732250000000,1
0.072000000000,0.512000000000,0.666871684647,0.732000000000,1
0.073000000000,0.512166666667,0.667875103873,0.731750000000,1
0.074000000000,0.512333333333,0.668869720954,0.731500000000,1
0.075000000000,0.512500000000,0.669855715851,0.731250000000,1
0.076000000000,0.512666666667,0.670833262532,0.731000000000,1
0.077000000000,0.512833333333,0.671802529243,0.730750000000,1
0.078000000000,0.513000000000,0.672763678775,0.730500000000,1
0.079000000000,0.513166666667,0.673716868699,0.730250000000,1
0.080000000000,0.513333333333,0.674662251607,0.730000000000,1
0.081000000000,0.513500000000,0.675599975321,0.729750000000,1
0.082000000000,0.513666666667,0.676530183102,0.729500000000,1
0.083000000000,0.513833333333,0.677453013845,0.729250000000,1
0.084000000000,0.514000000000,0.678368602263,0.729000000000,1
0.085000000000,0.514166666667,0.679277079058,0.728750000000,1
0.086000000000,0.514333333333,0.680178571089,0.728500000000,1
0.087000000000,0.514500000000,0.681073201527,0.728250000000,1
0.088000000000,0.514666666667,0.681961090004,0.728000000000,1
0.089000000000,0.514833333333,0.682842352750,0.727750000000,1
0.090000000000,0.515000000000,0.683717102732,0.727500000000,1
0.091000000000,0.515166666667,0.684585449776,0.727250000000,1
0.092000000000,0.515333333333,0.685447500692,0.727000000000,1
0.093000000000,0.515500000000,0.686303359385,0.726750000000,1
0.094000000000,0.515666666667,0.687153126964,0.726500000000,1
0.095000000000,0.515833333333,0.687996901850,0.726250000000,1
0.096000000000,0.516000000000,0.688834779869,0.726000000000,1
0.097000000000,0.516166666667,0.689666854354,0.725750000000,1
0.098000000000,0.516333333333,0.690493216227,0.725500000000,1
0.099000000000,0.516500000000,0.691313954091,0.725250000000,1
0.100000000000,0.516666666667,0.692129154308,0.725000000000,1
0.101000000000,0.516833333333,0.692938901079,0.724750000000,1
0.102000000000,0.517000000000,0.693743276520,0.724500000000,1
0.103000000000,0.517166666667,0.694542360731,0.724250000000,1
0.104000000000,0.517333333333,0.695336231866,0.724000000000,1
0.105000000000,0.517500000000,0.696124966198,0.723750000000,1
0.106000000000,0.517666666667,0.696908638182,0.723500000000,1
0.107000000000,0.517833333333,0.697687320514,0.723250000000,1
0.108000000000,0.518000000000,0.698461084191,0.723000000000,1
0.109000000000,0.518166666667,0.699229998561,0.722750000000,1
0.110000000000,0.518333333333,0.699994131383,0.722500000000,1
0.111000000000,0.518500000000,0.700753548869,0.722250000000,1
0.112000000000,0.518666666667,0.701508315743,0.722000000000,1
0.113000000000,0.518833333333,0.702258495276,0.721750000000,1
0.114000000000,0.519000000000,0.703004149342,0.721500000000,1
0.115000000000,0.519166666667,0.703745338452,0.721250000000,1
0.116000000000,0.519333333333,0.704482121801,0.721000000000,1
0.117000000000,0.519500000000,0.705214557306,0.720750000000,1
0.118000000000,0.519666666667,0.705942701642,0.720500000000,1
0.119000000000,0.519833333333,0.706666610284,0.720250000000,1
0.120000000000,0.520000000000,0.707386337537,0.720000000000,1
0.121000000000,0.520166666667,0.708101936573,0.719750000000,1
0.122000000000,0.520333333333,0.708813459462,0.719500000000,1
0.123000000000,0.520500000000,0.709520957207,0.719250000000,1
0.124000000000,0.520666666667,0.710224479770,0.719000000000,1
0.125000000000,0.520833333333,0.710924076104,0.718750000000,1
0.126000000000,0.521000000000,0.711619794180,0.718500000000,1
0.127000000000,0.521166666667,0.712311681017,0.718250000000,1
0.128000000000,0.521333333333,0.712999782703,0.718000000000,1
0.129000000000,0.521500000000,0.713684144427,0.717750000000,1
0.130000000000,0.521666666667,0.714364810496,0.717500000000,1
0.131000000000,0.521833333333,0.715041824368,0.717250000000,1
0.132000000000,0.522000000000,0.715715228664,0.717000000000,1
0.133000000000,0.522166666667,0.716385065199,0.716750000000,1
0.134000000000,0.522333333333,0.717051374999,0.716500000000,0
0.135000000000,0.522500000000,0.717714198322,0.716250000000,0
0.136000000000,0.522666666667,0.718373574679,0.716000000000,0
0.137000000000,0.522833333333,0.719029542852,0.715750000000,0
0.138000000000,0.523000000000,0.719682140913,0.715500000000,0
0.139000000000,0.523166666667,0.720331406243,0.715250000000,0
0.140000000000,0.523333333333,0.720977375549,0.715000000000,0
0.141000000000,0.523500000000,0.721620084878,0.714750000000,0
0.142000000000,0.523666666667,0.722259569640,0.714500000000,0
0.143000000000,0.523833333333,0.722895864615,0.714250000000,0
0.144000000000,0.524000000000,0.723529003976,0.714000000000,0
0.145000000000,0.524166666667,0.724159021299,0.713750000000,0
0.146000000000,0.524333333333,0.724785949582,0.713500000000,0
0.147000000000,0.524500000000,0.725409821253,0.713250000000,0
0.148000000000,0.524666666667,0.726030668187,0.713000000000,0
0.149000000000,0.524833333333,0.726648521720,0.712750000000,0
0.150000000000,0.525000000000,0.727263412660,0.712500000000,0
0.151000000000,0.525166666667,0.727875371299,0.712250000000,0
0.152000000000,0.525333333333,0.728484427426,0.712000000000,0
0.153000000000,0.525500000000,0.729090610339,0.711750000000,0
0.154000000000,0.525666666667,0.729693948854,0.711500000000,0
0.155000000000,0.525833333333,0.730294471318,0.711250000000,0
0.156000000000,0.526000000000,0.730892205619,0.711000000000,0
0.157000000000,0.526166666667,0.731487179198,0.710750000000,0
0.158000000000,0.526333333333,0.732079419054,0.710500000000,0
0.159000000000,0.526500000000,0.732668951761,0.710250000000,0
0.160000000000,0.526666666667,0.733255803469,0.710000000000,0
0.161000000000,0.526833333333,0.733839999923,0.709750000000,0
0.162000000000,0.527000000000,0.734421566461,0.709500000000,0
0.163000000000,0.527166666667,0.735000528033,0.709250000000,0
0.164000000000,0.527333333333,0.735576909203,0.709000000000,0
0.165000000000,0.527500000000,0.736150734157,0.708750000000,0
0.166000000000,0.527666666667,0.736722026716,0.708500000000,0
0.167000000000,0.527833333333,0.737290810339,0.708250000000,0
0.168000000000,0.528000000000,0.737857108133,0.708000000000,0
0.169000000000,0.528166666667,0.738420942858,0.707750000000,0
0.170000000000,0.528333333333,0.738982336940,0.707500000000,0
0.171000000000,0.528500000000,0.739541312468,0.707250000000,0
0.172000000000,0.528666666667,0.740097891210,0.707000000000,0
0.173000000000,0.528833333333,0.740652094616,0.706750000000,0
0.174000000000,0.529000000000,0.741203943824,0.706500000000,0
0.175000000000,0.529166666667,0.741753459667,0.706250000000,0
0.176000000000,0.529333333333,0.742300662679,0.706000000000,0
0.177000000000,0.529500000000,0.742845573100,0.705750000000,0
0.178000000000,0.529666666667,0.743388210884,0.705500000000,0
0.179000000000,0.529833333333,0.743928595703,0.705250000000,0
0.180000000000,0.530000000000,0.744466746953,0.705000000000,0
0.181000000000,0.530166666667,0.745002683758,0.704750000000,0
0.182000000000,0.530333333333,0.745536424979,0.704500000000,0
0.183000000000,0.530500000000,0.746067989214,0.704250000000,0
0.184000000000,0.530666666667,0.746597394807,0.704000000000,0
0.185000000000,0.530833333333,0.747124659852,0.703750000000,0
0.186000000000,0.531000000000,0.747649802196,0.703500000000,0
0.187000000000,0.531166666667,0.748172839445,0.703250000000,0
0.188000000000,0.531333333333,0.748693788968,0.703000000000,0
0.189000000000,0.531500000000,0.749212667904,0.702750000000,0
0.190000000000,0.531666666667,0.749729493162,0.702500000000,0
0.191000000000,0.531833333333,0.750244281427,0.702250000000,0
0.192000000000,0.532000000000,0.750757049166,0.702000000000,0
0.193000000000,0.532166666667,0.751267812630,0.701750000000,0
0.194000000000,0.532333333333,0.751776587857,0.701500000000,0
0.195000000000,0.532500000000,0.752283390678,0.701250000000,0
0.196000000000,0.532666666667,0.752788236720,0.701000000000,0
0.197000000000,0.532833333333,0.753291141410,0.700750000000,0
0.198000000000,0.533000000000,0.753792119978,0.700500000000,0
0.199000000000,0.533166666667,0.754291187459,0.700250000000,0
0.200000000000,0.533333333333,0.754788358700,0.700000000000,0
0.201000000000,0.533500000000,0.755283648360,0.699750000000,0
0.202000000000,0.533666666667,0.755777070915,0.699500000000,0
0.203000000000,0.533833333333,0.756268640661,0.699250000000,0
0.204000000000,0.534000000000,0.756758371717,0.699000000000,0
0.205000000000,0.534166666667,0.757246278027,0.698750000000,0
0.206000000000,0.534333333333,0.757732373365,0.698500000000,0
0.207000000000,0.534500000000,0.758216671336,0.698250000000,0
0.208000000000,0.534666666667,0.758699185380,0.698000000000,0
0.209000000000,0.534833333333,0.759179928775,0.697750000000,0
0.210000000000,0.535000000000,0.759658914638,0.697500000000,0
0.211000000000,0.535166666667,0.760136155929,0.697250000000,0
0.212000000000,0.535333333333,0.760611665455,0.697000000000,0
0.213000000000,0.535500000000,0.761085455869,0.696750000000,0
0.214000000000,0.535666666667,0.761557539677,0.696500000000,0
0.215000000000,0.535833333333,0.762027929234,0.696250000000,0
0.216000000000,0.536000000000,0.762496636754,0.696000000000,0
0.217000000000,0.536166666667,0.762963674308,0.695750000000,0
0.218000000000,0.536333333333,0.763429053826,0.695500000000,0
0.219000000000,0.536500000000,0.763892787100,0.695250000000,0
0.220000000000,0.536666666667,0.764354885788,0.695000000000,0
0.221000000000,0.536833333333,0.764815361414,0.694750000000,0
0.222000000000,0.537000000000,0.765274225369,0.694500000000,0
0.223000000000,0.537166666667,0.765731488919,0.694250000000,0
0.224000000000,0.537333333333,0.766187163198,0.694000000000,0
0.225000000000,0.537500000000,0.766641259218,0.693750000000,0
0.226000000000,0.537666666667,0.767093787867,0.693500000000,0
0.227000000000,0.537833333333,0.767544759911,0.693250000000,0
0.228000000000,0.538000000000,0.767994185997,0.693000000000,0
0.229000000000,0.538166666667,0.768442076656,0.692750000000,0
0.230000000000,0.538333333333,0.768888442301,0.692500000000,0
0.231000000000,0.538500000000,0.769333293231,0.692250000000,0
0.232000000000,0.538666666667,0.769776639634,0.692000000000,0
0.233000000000,0.538833333333,0.770218491587,0.691750000000,0
0.234000000000,0.539000000000,0.770658859059,0.691500000000,0
0.235000000000,0.539166666667,0.771097751909,0.691250000000,0
0.236000000000,0.539333333333,0.771535179892,0.691000000000,0
0.237000000000,0.539500000000,0.771971152661,0.690750000000,0
0.238000000000,0.539666666667,0.772405679762,0.690500000000,0
0.239000000000,0.539833333333,0.772838770644,0.690250000000,0
0.240000000000,0.540000000000,0.773270434653,0.690000000000,0
0.241000000000,0.540166666667,0.773700681040,0.689750000000,0
0.242000000000,0.540333333333,0.774129518957,0.689500000000,0
0.243000000000,0.540500000000,0.774556957463,0.689250000000,0
0.244000000000,0.540666666667,0.774983005519,0.689000000000,0
0.245000000000,0.540833333333,0.775407671999,0.688750000000,0
0.246000000000,0.541000000000,0.775830965681,0.688500000000,0
0.247000000000,0.541166666667,0.776252895255,0.688250000000,0
0.248000000000,0.541333333333,0.776673469323,0.688000000000,0
0.249000000000,0.541500000000,0.777092696399,0.687750000000,0
0.250000000000,0.541666666667,0.777510584910,0.687500000000,0
0.251000000000,0.541833333333,0.777927143199,0.687250000000,0
0.252000000000,0.542000000000,0.778342379525,0.687000000000,0
0.253000000000,0.542166666667,0.778756302065,0.686750000000,0
0.254000000000,0.542333333333,0.779168918912,0.686500000000,0
0.255000000000,0.542500000000,0.779580238082,0.686250000000,0
0.256000000000,0.542666666667,0.779990267510,0.686000000000,0
0.257000000000,0.542833333333,0.780399015054,0.685750000000,0
0.258000000000,0.543000000000,0.780806488492,0.685500000000,0
0.259000000000,0.543166666667,0.781212695530,0.685250000000,0
0.260000000000,0.543333333333,0.781617643797,0.685000000000,0
0.261000000000,0.543500000000,0.782021340846,0.684750000000,0
0.262000000000,0.543666666667,0.782423794162,0.684500000000,0
0.263000000000,0.543833333333,0.782825011153,0.684250000000,0
0.264000000000,0.544000000000,0.783224999158,0.684000000000,0
0.265000000000,0.544166666667,0.783623765447,0.683750000000,0
0.266000000000,0.544333333333,0.784021317220,0.683500000000,0
0.267000000000,0.544500000000,0.784417661607,0.683250000000,0
0.268000000000,0.544666666667,0.784812805673,0.683000000000,0
0.269000000000,0.544833333333,0.785206756415,0.682750000000,0
0.270000000000,0.545000000000,0.785599520766,0.682500000000,0
0.271000000000,0.545166666667,0.785991105593,0.682250000000,0
0.272000000000,0.545333333333,0.786381517699,0.682000000000,0
0.273000000000,0.545500000000,0.786770763824,0.681750000000,0
0.274000000000,0.545666666667,0.787158850646,0.681500000000,0
0.275000000000,0.545833333333,0.787545784782,0.681250000000,0
0.276000000000,0.546000000000,0.787931572786,0.681000000000,0
0.277000000000,0.546166666667,0.788316221157,0.680750000000,0
0.278000000000,0.546333333333,0.788699736328,0.680500000000,0
0.279000000000,0.546500000000,0.789082124680,0.680250000000,0
0.280000000000,0.546666666667,0.789463392532,0.680000000000,0
0.281000000000,0.546833333333,0.789843546148,0.679750000000,0
0.282000000000,0.547000000000,0.790222591736,0.679500000000,0
0.283000000000,0.547166666667,0.790600535446,0.679250000000,0
0.284000000000,0.547333333333,0.790977383376,0.679000000000,0
0.285000000000,0.547500000000,0.791353141569,0.678750000000,0
0.286000000000,0.547666666667,0.791727816013,0.678500000000,0
0.287000000000,0.547833333333,0.792101412645,0.678250000000,0
0.288000000000,0.548000000000,0.792473937350,0.678000000000,0
0.289000000000,0.548166666667,0.792845395959,0.677750000000,0
0.290000000000,0.548333333333,0.793215794254,0.677500000000,0
0.291000000000,0.548500000000,0.793585137966,0.677250000000,0
0.292000000000,0.548666666667,0.793953432777,0.677000000000,0
0.293000000000,0.548833333333,0.794320684320,0.676750000000,0
0.294000000000,0.549000000000,0.794686898177,0.676500000000,0
0.295000000000,0.549166666667,0.795052079885,0.676250000000,0
0.296000000000,0.549333333333,0.795416234933,0.676000000000,0
0.297000000000,0.549500000000,0.795779368762,0.675750000000,0
0.298000000000,0.549666666667,0.796141486767,0.675500000000,0
0.299000000000,0.549833333333,0.796502594298,0.675250000000,0
0.300000000000,0.550000000000,0.796862696660,0.675000000000,0
0.301000000000,0.550166666667,0.797221799112,0.674750000000,0
0.302000000000,0.550333333333,0.797579906870,0.674500000000,0
0.303000000000,0.550500000000,0.797937025105,0.674250000000,0
0.304000000000,0.550666666667,0.798293158948,0.674000000000,0
0.305000000000,0.550833333333,0.798648313484,0.673750000000,0
0.306000000000,0.551000000000,0.799002493758,0.673500000000,0
0.307000000000,0.551166666667,0.799355704771,0.673250000000,0
0.308000000000,0.551333333333,0.799707951486,0.673000000000,0
0.309000000000,0.551500000000,0.800059238822,0.672750000000,0
0.310000000000,0.551666666667,0.800409571661,0.672500000000,0
0.311000000000,0.551833333333,0.800758954843,0.672250000000,0
0.312000000000,0.552000000000,0.801107393169,0.672000000000,0
0.313000000000,0.552166666667,0.801454891401,0.671750000000,0
0.314000000000,0.552333333333,0.801801454265,0.671500000000,0
0.315000000000,0.552500000000,0.802147086444,0.671250000000,0
0.316000000000,0.552666666667,0.802491792589,0.671000000000,0
0.317000000000,0.552833333333,0.802835577309,0.670750000000,0
0.318000000000,0.553000000000,0.803178445180,0.670500000000,0
0.319000000000,0.553166666667,0.803520400739,0.670250000000,0
0.320000000000,0.553333333333,0.803861448489,0.670000000000,0
0.321000000000,0.553500000000,0.804201592896,0.669750000000,0
0.322000000000,0.553666666667,0.804540838391,0.669500000000,0
0.323000000000,0.553833333333,0.804879189370,0.669250000000,0
0.324000000000,0.554000000000,0.805216650197,0.669000000000,0
0.325000000000,0.554166666667,0.805553225199,0.668750000000,0
0.326000000000,0.554333333333,0.805888918669,0.668500000000,0
0.327000000000,0.554500000000,0.806223734871,0.668250000000,0
0.328000000000,0.554666666667,0.806557678031,0.668000000000,0
0.329000000000,0.554833333333,0.806890752345,0.667750000000,0
0.330000000000,0.555000000000,0.807222961976,0.667500000000,0
0.331000000000,0.555166666667,0.807554311056,0.667250000000,0
0.332000000000,0.555333333333,0.807884803685,0.667000000000,0
0.333000000000,0.555500000000,0.808214443931,0.666750000000,0
0.334000000000,0.555666666667,0.808543235831,0.666500000000,0
0.335000000000,0.555833333333,0.808871183394,0.666250000000,0
0.336000000000,0.556000000000,0.809198290595,0.666000000000,0
0.337000000000,0.556166666667,0.809524561382,0.665750000000,0
0.338000000000,0.556333333333,0.809849999671,0.665500000000,0
0.339000000000,0.556500000000,0.810174609352,0.665250000000,0
0.340000000000,0.556666666667,0.810498394282,0.665000000000,0
0.341000000000,0.556833333333,0.810821358292,0.664750000000,0
0.342000000000,0.557000000000,0.811143505184,0.664500000000,0
0.343000000000,0.557166666667,0.811464838731,0.664250000000,0
0.344000000000,0.557333333333,0.811785362679,0.664000000000,0
0.345000000000,0.557500000000,0.812105080747,0.663750000000,0
0.346000000000,0.557666666667,0.812423996625,0.663500000000,0
0.347000000000,0.557833333333,0.812742113978,0.663250000000,0
0.348000000000,0.558000000000,0.813059436442,0.663000000000,0
0.349000000000,0.558166666667,0.813375967629,0.662750000000,0
0.350000000000,0.558333333333,0.813691711123,0.662500000000,0
0.351000000000,0.558500000000,0.814006670482,0.662250000000,0
0.352000000000,0.558666666667,0.814320849240,0.662000000000,0
0.353000000000,0.558833333333,0.814634250905,0.661750000000,0
0.354000000000,0.559000000000,0.814946878959,0.661500000000,0
0.355000000000,0.559166666667,0.815258736859,0.661250000000,0
0.356000000000,0.559333333333,0.815569828038,0.661000000000,0
0.357000000000,0.559500000000,0.815880155905,0.660750000000,0
0.358000000000,0.559666666667,0.816189723844,0.660500000000,0
0.359000000000,0.559833333333,0.816498535216,0.660250000000,0
0.360000000000,0.560000000000,0.816806593357,0.660000000000,0
0.361000000000,0.560166666667,0.817113901580,0.659750000000,0
0.362000000000,0.560333333333,0.817420463175,0.659500000000,0
0.363000000000,0.560500000000,0.817726281410,0.659250000000,0
0.364000000000,0.560666666667,0.818031359528,0.659000000000,0
0.365000000000,0.560833333333,0.818335700751,0.658750000000,0
0.366000000000,0.561000000000,0.818639308278,0.658500000000,0
0.367000000000,0.561166666667,0.818942185287,0.658250000000,0
0.368000000000,0.561333333333,0.819244334931,0.658000000000,0
0.369000000000,0.561500000000,0.819545760346,0.657750000000,0
0.370000000000,0.561666666667,0.819846464642,0.657500000000,0
0.371000000000,0.561833333333,0.820146450910,0.657250000000,0
0.372000000000,0.562000000000,0.820445722220,0.657000000000,0
0.373000000000,0.562166666667,0.820744281621,0.656750000000,0
0.374000000000,0.562333333333,0.821042132140,0.656500000000,0
0.375000000000,0.562500000000,0.821339276784,0.656250000000,0
0.376000000000,0.562666666667,0.821635718541,0.656000000000,0
0.377000000000,0.562833333333,0.821931460377,0.655750000000,0
0.378000000000,0.563000000000,0.822226505240,0.655500000000,0
0.379000000000,0.563166666667,0.822520856057,0.655250000000,0
0.380000000000,0.563333333333,0.822814515735,0.655000000000,0
0.381000000000,0.563500000000,0.823107487163,0.654750000000,0
0.382000000000,0.563666666667,0.823399773209,0.654500000000,0
0.383000000000,0.563833333333,0.823691376724,0.654250000000,0
0.384000000000,0.564000000000,0.823982300538,0.654000000000,0
0.385000000000,0.564166666667,0.824272547465,0.653750000000,0
0.386000000000,0.564333333333,0.824562120298,0.653500000000,0
0.387000000000,0.564500000000,0.824851021812,0.653250000000,0
0.388000000000,0.564666666667,0.825139254766,0.653000000000,0
0.389000000000,0.564833333333,0.825426821897,0.652750000000,0
0.390000000000,0.565000000000,0.825713725929,0.652500000000,0
0.391000000000,0.565166666667,0.825999969564,0.652250000000,0
0.392000000000,0.565333333333,0.826285555489,0.652000000000,0
0.393000000000,0.565500000000,0.826570486373,0.651750000000,0
0.394000000000,0.565666666667,0.826854764868,0.651500000000,0
0.395000000000,0.565833333333,0.827138393608,0.651250000000,0
0.396000000000,0.566000000000,0.827421375210,0.651000000000,0
0.397000000000,0.566166666667,0.827703712276,0.650750000000,0
0.398000000000,0.566333333333,0.827985407391,0.650500000000,0
0.399000000000,0.566500000000,0.828266463121,0.650250000000,0
0.400000000000,0.566666666667,0.828546882018,0.650000000000,0
0.401000000000,0.566833333333,0.828826666619,0.649750000000,0
0.402000000000,0.567000000000,0.829105819441,0.649500000000,0
0.403000000000,0.567166666667,0.829384342989,0.649250000000,0
0.404000000000,0.567333333333,0.829662239749,0.649000000000,0
0.405000000000,0.567500000000,0.829939512195,0.648750000000,0
0.406000000000,0.567666666667,0.830216162782,0.648500000000,0
0.407000000000,0.567833333333,0.830492193952,0.648250000000,0
0.408000000000,0.568000000000,0.830767608131,0.648000000000,0
0.409000000000,0.568166666667,0.831042407729,0.647750000000,0
0.410000000000,0.568333333333,0.831316595142,0.647500000000,0
0.411000000000,0.568500000000,0.831590172752,0.647250000000,0
0.412000000000,0.568666666667,0.831863142925,0.647000000000,0
0.413000000000,0.568833333333,0.832135508013,0.646750000000,0
0.414000000000,0.569000000000,0.832407270352,0.646500000000,0
0.415000000000,0.569166666667,0.832678432266,0.646250000000,0
0.416000000000,0.569333333333,0.832948996064,0.646000000000,0
0.417000000000,0.569500000000,0.833218964041,0.645750000000,0
0.418000000000,0.569666666667,0.833488338477,0.645500000000,0
0.419000000000,0.569833333333,0.833757121639,0.645250000000,0
0.420000000000,0.570000000000,0.834025315780,0.645000000000,0
0.421000000000,0.570166666667,0.834292923139,0.644750000000,0
0.422000000000,0.570333333333,0.834559945944,0.644500000000,0
0.423000000000,0.570500000000,0.834826386406,0.644250000000,0
0.424000000000,0.570666666667,0.835092246724,0.644000000000,0
0.425000000000,0.570833333333,0.835357529086,0.643750000000,0
0.426000000000,0.571000000000,0.835622235663,0.643500000000,0
0.427000000000,0.571166666667,0.835886368617,0.643250000000,0
0.428000000000,0.571333333333,0.836149930094,0.643000000000,0
0.429000000000,0.571500000000,0.836412922229,0.642750000000,0
0.430000000000,0.571666666667,0.836675347144,0.642500000000,0
0.431000000000,0.571833333333,0.836937206948,0.642250000000,0
0.432000000000,0.572000000000,0.837198503738,0.642000000000,0
0.433000000000,0.572166666667,0.837459239600,0.641750000000,0
0.434000000000,0.572333333333,0.837719416604,0.641500000000,0
0.435000000000,0.572500000000,0.837979036812,0.641250000000,0
0.436000000000,0.572666666667,0.838238102272,0.641000000000,0
0.437000000000,0.572833333333,0.838496615020,0.640750000000,0
0.438000000000,0.573000000000,0.838754577080,0.640500000000,0
0.439000000000,0.573166666667,0.839011990465,0.640250000000,0
0.440000000000,0.573333333333,0.839268857177,0.640000000000,0
0.441000000000,0.573500000000,0.839525179205,0.639750000000,0
0.442000000000,0.573666666667,0.839780958526,0.639500000000,0
0.443000000000,0.573833333333,0.840036197107,0.639250000000,0
0.444000000000,0.574000000000,0.840290896905,0.639000000000,0
0.445000000000,0.574166666667,0.840545059862,0.638750000000,0
0.446000000000,0.574333333333,0.840798687913,0.638500000000,0
0.447000000000,0.574500000000,0.841051782978,0.638250000000,0
0.448000000000,0.574666666667,0.841304346970,0.638000000000,0
0.449000000000,0.574833333333,0.841556381788,0.637750000000,0
0.450000000000,0.575000000000,0.841807889323,0.637500000000,0
0.451000000000,0.575166666667,0.842058871452,0.637250000000,0
0.452000000000,0.575333333333,0.842309330044,0.637000000000,0
0.453000000000,0.575500000000,0.842559266958,0.636750000000,0
0.454000000000,0.575666666667,0.842808684040,0.636500000000,0
0.455000000000,0.575833333333,0.843057583126,0.636250000000,0
0.456000000000,0.576000000000,0.843305966045,0.636000000000,0
0.457000000000,0.576166666667,0.843553834612,0.635750000000,0
0.458000000000,0.576333333333,0.843801190635,0.635500000000,0
0.459000000000,0.576500000000,0.844048035908,0.635250000000,0
0.460000000000,0.576666666667,0.844294372219,0.635000000000,0
0.461000000000,0.576833333333,0.844540201344,0.634750000000,0
0.462000000000,0.577000000000,0.844785525051,0.634500000000,0
0.463000000000,0.577166666667,0.845030345095,0.634250000000,0
0.464000000000,0.577333333333,0.845274663224,0.634000000000,0
0.465000000000,0.577500000000,0.845518481177,0.633750000000,0
0.466000000000,0.577666666667,0.845761800681,0.633500000000,0
0.467000000000,0.577833333333,0.846004623456,0.633250000000,0
0.468000000000,0.578000000000,0.846246951210,0.633000000000,0
0.469000000000,0.578166666667,0.846488785644,0.632750000000,0
0.470000000000,0.578333333333,0.846730128450,0.632500000000,0
0.471000000000,0.578500000000,0.846970981307,0.632250000000,0
0.472000000000,0.578666666667,0.847211345891,0.632000000000,0
0.473000000000,0.578833333333,0.847451223863,0.631750000000,0
0.474000000000,0.579000000000,0.847690616880,0.631500000000,0
0.475000000000,0.579166666667,0.847929526586,0.631250000000,0
0.476000000000,0.579333333333,0.848167954619,0.631000000000,0
0.477000000000,0.579500000000,0.848405902607,0.630750000000,0
0.478000000000,0.579666666667,0.848643372169,0.630500000000,0
0.479000000000,0.579833333333,0.848880364918,0.630250000000,0
0.480000000000,0.580000000000,0.849116882454,0.630000000000,0
0.481000000000,0.580166666667,0.849352926373,0.629750000000,0
0.482000000000,0.580333333333,0.849588498259,0.629500000000,0
0.483000000000,0.580500000000,0.849823599690,0.629250000000,0
0.484000000000,0.580666666667,0.850058232234,0.629000000000,0
0.485000000000,0.580833333333,0.850292397452,0.628750000000,0
0.486000000000,0.581000000000,0.850526096897,0.628500000000,0
0.487000000000,0.581166666667,0.850759332112,0.628250000000,0
0.488000000000,0.581333333333,0.850992104633,0.628000000000,0
0.489000000000,0.581500000000,0.851224415990,0.627750000000,0
0.490000000000,0.581666666667,0.851456267701,0.627500000000,0
0.491000000000,0.581833333333,0.851687661280,0.627250000000,0
0.492000000000,0.582000000000,0.851918598230,0.627000000000,0
0.493000000000,0.582166666667,0.852149080049,0.626750000000,0
0.494000000000,0.582333333333,0.852379108225,0.626500000000,0
0.495000000000,0.582500000000,0.852608684239,0.626250000000,0
0.496000000000,0.582666666667,0.852837809566,0.626000000000,0
0.497000000000,0.582833333333,0.853066485670,0.625750000000,0
0.498000000000,0.583000000000,0.853294714011,0.625500000000,0
0.499000000000,0.583166666667,0.853522496040,0.625250000000,0
0.500000000000,0.583333333333,0.853749833200,0.625000000000,0
0.501000000000,0.583500000000,0.853976726927,0.624750000000,0
0.502000000000,0.583666666667,0.854203178652,0.624500000000,0
0.503000000000,0.583833333333,0.854429189794,0.624250000000,0
0.504000000000,0.584000000000,0.854654761769,0.624000000000,0
0.505000000000,0.584166666667,0.854879895985,0.623750000000,0
0.506000000000,0.584333333333,0.855104593841,0.623500000000,0
0.507000000000,0.584500000000,0.855328856730,0.623250000000,0
0.508000000000,0.584666666667,0.855552686040,0.623000000000,0
0.509000000000,0.584833333333,0.855776083149,0.622750000000,0
0.510000000000,0.585000000000,0.855999049429,0.622500000000,0
0.511000000000,0.585166666667,0.856221586246,0.622250000000,0
0.512000000000,0.585333333333,0.856443694959,0.622000000000,0
0.513000000000,0.585500000000,0.856665376920,0.621750000000,0
0.514000000000,0.585666666667,0.856886633473,0.621500000000,0
0.515000000000,0.585833333333,0.857107465958,0.621250000000,0
0.516000000000,0.586000000000,0.857327875707,0.621000000000,0
0.517000000000,0.586166666667,0.857547864043,0.620750000000,0
0.518000000000,0.586333333333,0.857767432288,0.620500000000,0
0.519000000000,0.586500000000,0.857986581751,0.620250000000,0
0.520000000000,0.586666666667,0.858205313741,0.620000000000,0
0.521000000000,0.586833333333,0.858423629555,0.619750000000,0
0.522000000000,0.587000000000,0.858641530487,0.619500000000,0
0.523000000000,0.587166666667,0.858859017825,0.619250000000,0
0.524000000000,0.587333333333,0.859076092847,0.619000000000,0
0.525000000000,0.587500000000,0.859292756829,0.618750000000,0
0.526000000000,0.587666666667,0.859509011039,0.618500000000,0
0.527000000000,0.587833333333,0.859724856738,0.618250000000,0
0.528000000000,0.588000000000,0.859940295182,0.618000000000,0
0.529000000000,0.588166666667,0.860155327622,0.617750000000,0
0.530000000000,0.588333333333,0.860369955300,0.617500000000,0
0.531000000000,0.588500000000,0.860584179455,0.617250000000,0
0.532000000000,0.588666666667,0.860798001318,0.617000000000,0
0.533000000000,0.588833333333,0.861011422115,0.616750000000,0
0.534000000000,0.589000000000,0.861224443066,0.616500000000,0
0.535000000000,0.589166666667,0.861437065386,0.616250000000,0
0.536000000000,0.589333333333,0.861649290282,0.616000000000,0
0.537000000000,0.589500000000,0.861861118958,0.615750000000,0
0.538000000000,0.589666666667,0.862072552609,0.615500000000,0
0.539000000000,0.589833333333,0.862283592429,0.615250000000,0
0.540000000000,0.590000000000,0.862494239601,0.615000000000,0
0.541000000000,0.590166666667,0.862704495306,0.614750000000,0
0.542000000000,0.590333333333,0.862914360719,0.614500000000,0
0.543000000000,0.590500000000,0.863123837008,0.614250000000,0
0.544000000000,0.590666666667,0.863332925336,0.614000000000,0
0.545000000000,0.590833333333,0.863541626863,0.613750000000,0
0.546000000000,0.591000000000,0.863749942739,0.613500000000,0
0.547000000000,0.591166666667,0.863957874113,0.613250000000,0
0.548000000000,0.591333333333,0.864165422126,0.613000000000,0
0.549000000000,0.591500000000,0.864372587914,0.612750000000,0
0.550000000000,0.591666666667,0.864579372609,0.612500000000,0
0.551000000000,0.591833333333,0.864785777337,0.612250000000,0
0.552000000000,0.592000000000,0.864991803217,0.612000000000,0
0.553000000000,0.592166666667,0.865197451367,0.611750000000,0
0.554000000000,0.592333333333,0.865402722896,0.611500000000,0
0.555000000000,0.592500000000,0.865607618908,0.611250000000,0
0.556000000000,0.592666666667,0.865812140506,0.611000000000,0
0.557000000000,0.592833333333,0.866016288783,0.610750000000,0
0.558000000000,0.593000000000,0.866220064829,0.610500000000,0
0.559000000000,0.593166666667,0.866423469730,0.610250000000,0
0.560000000000,0.593333333333,0.866626504567,0.610000000000,0
0.561000000000,0.593500000000,0.866829170413,0.609750000000,0
0.562000000000,0.593666666667,0.867031468339,0.609500000000,0
0.563000000000,0.593833333333,0.867233399411,0.609250000000,0
0.564000000000,0.594000000000,0.867434964690,0.609000000000,0
0.565000000000,0.594166666667,0.867636165231,0.608750000000,0
0.566000000000,0.594333333333,0.867837002084,0.608500000000,0
0.567000000000,0.594500000000,0.868037476298,0.608250000000,0
0.568000000000,0.594666666667,0.868237588912,0.608000000000,0
0.569000000000,0.594833333333,0.868437340964,0.607750000000,0
0.570000000000,0.595000000000,0.868636733486,0.607500000000,0
0.571000000000,0.595166666667,0.868835767506,0.607250000000,0
0.572000000000,0.595333333333,0.869034444046,0.607000000000,0
0.573000000000,0.595500000000,0.869232764126,0.606750000000,0
0.574000000000,0.595666666667,0.869430728758,0.606500000000,0
0.575000000000,0.595833333333,0.869628338953,0.606250000000,0
0.576000000000,0.596000000000,0.869825595715,0.606000000000,0
0.577000000000,0.596166666667,0.870022500044,0.605750000000,0
0.578000000000,0.596333333333,0.870219052937,0.605500000000,0
0.579000000000,0.596500000000,0.870415255385,0.605250000000,0
0.580000000000,0.596666666667,0.870611108375,0.605000000000,0
0.581000000000,0.596833333333,0.870806612890,0.604750000000,0
0.582000000000,0.597000000000,0.871001769909,0.604500000000,0
0.583000000000,0.597166666667,0.871196580405,0.604250000000,0
0.584000000000,0.597333333333,0.871391045350,0.604000000000,0
0.585000000000,0.597500000000,0.871585165708,0.603750000000,0
0.586000000000,0.597666666667,0.871778942440,0.603500000000,0
0.587000000000,0.597833333333,0.871972376505,0.603250000000,0
0.588000000000,0.598000000000,0.872165468856,0.603000000000,0
0.589000000000,0.598166666667,0.872358220440,0.602750000000,0
0.590000000000,0.598333333333,0.872550632204,0.602500000000,0
0.591000000000,0.598500000000,0.872742705087,0.602250000000,0
0.592000000000,0.598666666667,0.872934440027,0.602000000000,0
0.593000000000,0.598833333333,0.873125837956,0.601750000000,0
0.594000000000,0.599000000000,0.873316899803,0.601500000000,0
0.595000000000,0.599166666667,0.873507626491,0.601250000000,0
0.596000000000,0.599333333333,0.873698018943,0.601000000000,0
0.597000000000,0.599500000000,0.873888078075,0.600750000000,0
0.598000000000,0.599666666667,0.874077804798,0.600500000000,0
0.599000000000,0.599833333333,0.874267200023,0.600250000000,0
0.600000000000,0.600000000000,0.874456264654,0.600000000000,0
0.601000000000,0.600166666667,0.874644999592,0.599750000000,0
0.602000000000,0.600333333333,0.874833405734,0.599500000000,0
0.603000000000,0.600500000000,0.875021483974,0.599250000000,0
0.604000000000,0.600666666667,0.875209235202,0.599000000000,0
0.605000000000,0.600833333333,0.875396660303,0.598750000000,0
0.606000000000,0.601000000000,0.875583760160,0.598500000000,0
0.607000000000,0.601166666667,0.875770535650,0.598250000000,0
0.608000000000,0.601333333333,0.875956987649,0.598000000000,0
0.609000000000,0.601500000000,0.876143117027,0.597750000000,0
0.610000000000,0.601666666667,0.876328924653,0.597500000000,0
0.611000000000,0.601833333333,0.876514411389,0.597250000000,0
0.612000000000,0.602000000000,0.876699578095,0.597000000000,0
0.613000000000,0.602166666667,0.876884425629,0.596750000000,0
0.614000000000,0.602333333333,0.877068954843,0.596500000000,0
0.615000000000,0.602500000000,0.877253166586,0.596250000000,0
0.616000000000,0.602666666667,0.877437061705,0.596000000000,0
0.617000000000,0.602833333333,0.877620641041,0.595750000000,0
0.618000000000,0.603000000000,0.877803905434,0.595500000000,0
0.619000000000,0.603166666667,0.877986855718,0.595250000000,0
0.620000000000,0.603333333333,0.878169492726,0.595000000000,0
0.621000000000,0.603500000000,0.878351817286,0.594750000000,0
0.622000000000,0.603666666667,0.878533830223,0.594500000000,0
0.623000000000,0.603833333333,0.878715532358,0.594250000000,0
0.624000000000,0.604000000000,0.878896924511,0.594000000000,0
0.625000000000,0.604166666667,0.879078007495,0.593750000000,0
0.626000000000,0.604333333333,0.879258782122,0.593500000000,0
0.627000000000,0.604500000000,0.879439249201,0.593250000000,0
0.628000000000,0.604666666667,0.879619409536,0.593000000000,0
0.629000000000,0.604833333333,0.879799263929,0.592750000000,0
0.630000000000,0.605000000000,0.879978813179,0.592500000000,0
0.631000000000,0.605166666667,0.880158058080,0.592250000000,0
0.632000000000,0.605333333333,0.880336999425,0.592000000000,0
0.633000000000,0.605500000000,0.880515638001,0.591750000000,0
0.634000000000,0.605666666667,0.880693974595,0.591500000000,0
0.635000000000,0.605833333333,0.880872009989,0.591250000000,0
0.636000000000,0.606000000000,0.881049744962,0.591000000000,0
0.637000000000,0.606166666667,0.881227180290,0.590750000000,0
0.638000000000,0.606333333333,0.881404316746,0.590500000000,0
0.639000000000,0.606500000000,0.881581155100,0.590250000000,0
0.640000000000,0.606666666667,0.881757696118,0.590000000000,0
0.641000000000,0.606833333333,0.881933940564,0.589750000000,0
0.642000000000,0.607000000000,0.882109889198,0.589500000000,0
0.643000000000,0.607166666667,0.882285542779,0.589250000000,0
0.644000000000,0.607333333333,0.882460902060,0.589000000000,0
0.645000000000,0.607500000000,0.882635967793,0.588750000000,0
0.646000000000,0.607666666667,0.882810740727,0.588500000000,0
0.647000000000,0.607833333333,0.882985221607,0.588250000000,0
0.648000000000,0.608000000000,0.883159411175,0.588000000000,0
0.649000000000,0.608166666667,0.883333310172,0.587750000000,0
0.650000000000,0.608333333333,0.883506919334,0.587500000000,0
0.651000000000,0.608500000000,0.883680239395,0.587250000000,0
0.652000000000,0.608666666667,0.883853271086,0.587000000000,0
0.653000000000,0.608833333333,0.884026015135,0.586750000000,0
0.654000000000,0.609000000000,0.884198472266,0.586500000000,0
0.655000000000,0.609166666667,0.884370643204,0.586250000000,0
0.656000000000,0.609333333333,0.884542528666,0.586000000000,0
0.657000000000,0.609500000000,0.884714129369,0.585750000000,0
0.658000000000,0.609666666667,0.884885446028,0.585500000000,0
0.659000000000,0.609833333333,0.885056479354,0.585250000000,0
0.660000000000,0.610000000000,0.885227230055,0.585000000000,0
0.661000000000,0.610166666667,0.885397698836,0.584750000000,0
0.662000000000,0.610333333333,0.885567886401,0.584500000000,0
0.663000000000,0.610500000000,0.885737793450,0.584250000000,0
0.664000000000,0.610666666667,0.885907420679,0.584000000000,0
0.665000000000,0.610833333333,0.886076768784,0.583750000000,0
0.666000000000,0.611000000000,0.886245838457,0.583500000000,0
0.667000000000,0.611166666667,0.886414630387,0.583250000000,0
0.668000000000,0.611333333333,0.886583145261,0.583000000000,0
0.669000000000,0.611500000000,0.886751383762,0.582750000000,0
0.670000000000,0.611666666667,0.886919346573,0.582500000000,0
0.671000000000,0.611833333333,0.887087034373,0.582250000000,0
0.672000000000,0.612000000000,0.887254447837,0.582000000000,0
0.673000000000,0.612166666667,0.887421587639,0.581750000000,0
0.674000000000,0.612333333333,0.887588454450,0.581500000000,0
0.675000000000,0.612500000000,0.887755048939,0.581250000000,0
0.676000000000,0.612666666667,0.887921371772,0.581000000000,0
0.677000000000,0.612833333333,0.888087423612,0.580750000000,0
0.678000000000,0.613000000000,0.888253205120,0.580500000000,0
0.679000000000,0.613166666667,0.888418716955,0.580250000000,0
0.680000000000,0.613333333333,0.888583959772,0.580000000000,0
0.681000000000,0.613500000000,0.888748934226,0.579750000000,0
0.682000000000,0.613666666667,0.888913640966,0.579500000000,0
0.683000000000,0.613833333333,0.889078080642,0.579250000000,0
0.684000000000,0.614000000000,0.889242253900,0.579000000000,0
0.685000000000,0.614166666667,0.889406161384,0.578750000000,0
0.686000000000,0.614333333333,0.889569803734,0.578500000000,0
0.687000000000,0.614500000000,0.889733181590,0.578250000000,0
0.688000000000,0.614666666667,0.889896295587,0.578000000000,0
0.689000000000,0.614833333333,0.890059146361,0.577750000000,0
0.690000000000,0.615000000000,0.890221734543,0.577500000000,0
0.691000000000,0.615166666667,0.890384060763,0.577250000000,0
0.692000000000,0.615333333333,0.890546125646,0.577000000000,0
0.693000000000,0.615500000000,0.890707929819,0.576750000000,0
0.694000000000,0.615666666667,0.890869473903,0.576500000000,0
0.695000000000,0.615833333333,0.891030758519,0.576250000000,0
0.696000000000,0.616000000000,0.891191784285,0.576000000000,0
0.697000000000,0.616166666667,0.891352551815,0.575750000000,0
0.698000000000,0.616333333333,0.891513061724,0.575500000000,0
0.699000000000,0.616500000000,0.891673314621,0.575250000000,0
0.700000000000,0.616666666667,0.891833311117,0.575000000000,0
0.701000000000,0.616833333333,0.891993051817,0.574750000000,0
0.702000000000,0.617000000000,0.892152537326,0.574500000000,0
0.703000000000,0.617166666667,0.892311768246,0.574250000000,0
0.704000000000,0.617333333333,0.892470745176,0.574000000000,0
0.705000000000,0.617500000000,0.892629468715,0.573750000000,0
0.706000000000,0.617666666667,0.892787939458,0.573500000000,0
0.707000000000,0.617833333333,0.892946157998,0.573250000000,0
0.708000000000,0.618000000000,0.893104124927,0.573000000000,0
0.709000000000,0.618166666667,0.893261840833,0.572750000000,0
0.710000000000,0.618333333333,0.893419306303,0.572500000000,0
0.711000000000,0.618500000000,0.893576521923,0.572250000000,0
0.712000000000,0.618666666667,0.893733488274,0.572000000000,0
0.713000000000,0.618833333333,0.893890205937,0.571750000000,0
0.714000000000,0.619000000000,0.894046675492,0.571500000000,0
0.715000000000,0.619166666667,0.894202897513,0.571250000000,0
0.716000000000,0.619333333333,0.894358872576,0.571000000000,0
0.717000000000,0.619500000000,0.894514601252,0.570750000000,0
0.718000000000,0.619666666667,0.894670084113,0.570500000000,0
0.719000000000,0.619833333333,0.894825321725,0.570250000000,0
0.720000000000,0.620000000000,0.894980314656,0.570000000000,0
0.721000000000,0.620166666667,0.895135063468,0.569750000000,0
0.722000000000,0.620333333333,0.895289568725,0.569500000000,0
0.723000000000,0.620500000000,0.895443830986,0.569250000000,0
0.724000000000,0.620666666667,0.895597850809,0.569000000000,0
0.725000000000,0.620833333333,0.895751628751,0.568750000000,0
0.726000000000,0.621000000000,0.895905165366,0.568500000000,0
0.727000000000,0.621166666667,0.896058461205,0.568250000000,0
0.728000000000,0.621333333333,0.896211516819,0.568000000000,0
0.729000000000,0.621500000000,0.896364332756,0.567750000000,0
0.730000000000,0.621666666667,0.896516909562,0.567500000000,0
0.731000000000,0.621833333333,0.896669247782,0.567250000000,0
0.732000000000,0.622000000000,0.896821347959,0.567000000000,0
0.733000000000,0.622166666667,0.896973210632,0.566750000000,0
0.734000000000,0.622333333333,0.897124836341,0.566500000000,0
0.735000000000,0.622500000000,0.897276225623,0.566250000000,0
0.736000000000,0.622666666667,0.897427379011,0.566000000000,0
0.737000000000,0.622833333333,0.897578297039,0.565750000000,0
0.738000000000,0.623000000000,0.897728980239,0.565500000000,0
0.739000000000,0.623166666667,0.897879429140,0.565250000000,0
0.740000000000,0.623333333333,0.898029644268,0.565000000000,0
0.741000000000,0.623500000000,0.898179626151,0.564750000000,0
0.742000000000,0.623666666667,0.898329375311,0.564500000000,0
0.743000000000,0.623833333333,0.898478892270,0.564250000000,0
0.744000000000,0.624000000000,0.898628177549,0.564000000000,0
0.745000000000,0.624166666667,0.898777231666,0.563750000000,0
0.746000000000,0.624333333333,0.898926055137,0.563500000000,0
0.747000000000,0.624500000000,0.899074648478,0.563250000000,0
0.748000000000,0.624666666667,0.899223012201,0.563000000000,0
0.749000000000,0.624833333333,0.899371146818,0.562750000000,0
0.750000000000,0.625000000000,0.899519052838,0.562500000000,0
0.751000000000,0.625166666667,0.899666730769,0.562250000000,0
0.752000000000,0.625333333333,0.899814181117,0.562000000000,0
0.753000000000,0.625500000000,0.899961404386,0.561750000000,0
0.754000000000,0.625666666667,0.900108401078,0.561500000000,0
0.755000000000,0.625833333333,0.900255171695,0.561250000000,0
0.756000000000,0.626000000000,0.900401716736,0.561000000000,0
0.757000000000,0.626166666667,0.900548036697,0.560750000000,0
0.758000000000,0.626333333333,0.900694132076,0.560500000000,0
0.759000000000,0.626500000000,0.900840003365,0.560250000000,0
0.760000000000,0.626666666667,0.900985651057,0.560000000000,0
0.761000000000,0.626833333333,0.901131075643,0.559750000000,0
0.762000000000,0.627000000000,0.901276277611,0.559500000000,0
0.763000000000,0.627166666667,0.901421257450,0.559250000000,0
0.764000000000,0.627333333333,0.901566015645,0.559000000000,0
0.765000000000,0.627500000000,0.901710552679,0.558750000000,0
0.766000000000,0.627666666667,0.901854869036,0.558500000000,0
0.767000000000,0.627833333333,0.901998965196,0.558250000000,0
0.768000000000,0.628000000000,0.902142841639,0.558000000000,0
0.769000000000,0.628166666667,0.902286498841,0.557750000000,0
0.770000000000,0.628333333333,0.902429937279,0.557500000000,0
0.771000000000,0.628500000000,0.902573157428,0.557250000000,0
0.772000000000,0.628666666667,0.902716159760,0.557000000000,0
0.773000000000,0.628833333333,0.902858944747,0.556750000000,0
0.774000000000,0.629000000000,0.903001512858,0.556500000000,0
0.775000000000,0.629166666667,0.903143864560,0.556250000000,0
0.776000000000,0.629333333333,0.903286000322,0.556000000000,0
0.777000000000,0.629500000000,0.903427920607,0.555750000000,0
0.778000000000,0.629666666667,0.903569625880,0.555500000000,0
0.779000000000,0.629833333333,0.903711116601,0.555250000000,0
0.780000000000,0.630000000000,0.903852393232,0.555000000000,0
0.781000000000,0.630166666667,0.903993456231,0.554750000000,0
0.782000000000,0.630333333333,0.904134306056,0.554500000000,0
0.783000000000,0.630500000000,0.904274943163,0.554250000000,0
0.784000000000,0.630666666667,0.904415368005,0.554000000000,0
0.785000000000,0.630833333333,0.904555581036,0.553750000000,0
0.786000000000,0.631000000000,0.904695582706,0.553500000000,0
0.787000000000,0.631166666667,0.904835373467,0.553250000000,0
0.788000000000,0.631333333333,0.904974953766,0.553000000000,0
0.789000000000,0.631500000000,0.905114324049,0.552750000000,0
0.790000000000,0.631666666667,0.905253484764,0.552500000000,0
0.791000000000,0.631833333333,0.905392436353,0.552250000000,0
0.792000000000,0.632000000000,0.905531179259,0.552000000000,0
0.793000000000,0.632166666667,0.905669713923,0.551750000000,0
0.794000000000,0.632333333333,0.905808040786,0.551500000000,0
0.795000000000,0.632500000000,0.905946160284,0.551250000000,0
0.796000000000,0.632666666667,0.906084072855,0.551000000000,0
0.797000000000,0.632833333333,0.906221778935,0.550750000000,0
0.798000000000,0.633000000000,0.906359278957,0.550500000000,0
0.799000000000,0.633166666667,0.906496573354,0.550250000000,0
0.800000000000,0.633333333333,0.906633662557,0.550000000000,0
0.801000000000,0.633500000000,0.906770546997,0.549750000000,0
0.802000000000,0.633666666667,0.906907227100,0.549500000000,0
0.803000000000,0.633833333333,0.907043703295,0.549250000000,0
0.804000000000,0.634000000000,0.907179976006,0.549000000000,0
0.805000000000,0.634166666667,0.907316045659,0.548750000000,0
0.806000000000,0.634333333333,0.907451912677,0.548500000000,0
0.807000000000,0.634500000000,0.907587577480,0.548250000000,0
0.808000000000,0.634666666667,0.907723040489,0.548000000000,0
0.809000000000,0.634833333333,0.907858302123,0.547750000000,0
0.810000000000,0.635000000000,0.907993362799,0.547500000000,0
0.811000000000,0.635166666667,0.908128222934,0.547250000000,0
0.812000000000,0.635333333333,0.908262882943,0.547000000000,0
0.813000000000,0.635500000000,0.908397343239,0.546750000000,0
0.814000000000,0.635666666667,0.908531604234,0.546500000000,0
0.815000000000,0.635833333333,0.908665666339,0.546250000000,0
0.816000000000,0.636000000000,0.908799529965,0.546000000000,0
0.817000000000,0.636166666667,0.908933195518,0.545750000000,0
0.818000000000,0.636333333333,0.909066663407,0.545500000000,0
0.819000000000,0.636500000000,0.909199934037,0.545250000000,0
0.820000000000,0.636666666667,0.909333007812,0.545000000000,0
0.821000000000,0.636833333333,0.909465885137,0.544750000000,0
0.822000000000,0.637000000000,0.909598566412,0.544500000000,0
0.823000000000,0.637166666667,0.909731052038,0.544250000000,0
0.824000000000,0.637333333333,0.909863342415,0.544000000000,0
0.825000000000,0.637500000000,0.909995437941,0.543750000000,0
0.826000000000,0.637666666667,0.910127339013,0.543500000000,0
0.827000000000,0.637833333333,0.910259046026,0.543250000000,0
0.828000000000,0.638000000000,0.910390559376,0.543000000000,0
0.829000000000,0.638166666667,0.910521879454,0.542750000000,0
0.830000000000,0.638333333333,0.910653006654,0.542500000000,0
0.831000000000,0.638500000000,0.910783941365,0.542250000000,0
0.832000000000,0.638666666667,0.910914683978,0.542000000000,0
0.833000000000,0.638833333333,0.911045234881,0.541750000000,0
0.834000000000,0.639000000000,0.911175594461,0.541500000000,0
0.835000000000,0.639166666667,0.911305763103,0.541250000000,0
0.836000000000,0.639333333333,0.911435741193,0.541000000000,0
0.837000000000,0.639500000000,0.911565529114,0.540750000000,0
0.838000000000,0.639666666667,0.911695127248,0.540500000000,0
0.839000000000,0.639833333333,0.911824535977,0.540250000000,0
0.840000000000,0.640000000000,0.911953755680,0.540000000000,0
0.841000000000,0.640166666667,0.912082786737,0.539750000000,0
0.842000000000,0.640333333333,0.912211629525,0.539500000000,0
0.843000000000,0.640500000000,0.912340284420,0.539250000000,0
0.844000000000,0.640666666667,0.912468751799,0.539000000000,0
0.845000000000,0.640833333333,0.912597032034,0.538750000000,0
0.846000000000,0.641000000000,0.912725125499,0.538500000000,0
0.847000000000,0.641166666667,0.912853032567,0.538250000000,0
0.848000000000,0.641333333333,0.912980753607,0.538000000000,0
0.849000000000,0.641500000000,0.913108288990,0.537750000000,0
0.850000000000,0.641666666667,0.913235639083,0.537500000000,0
0.851000000000,0.641833333333,0.913362804255,0.537250000000,0
0.852000000000,0.642000000000,0.913489784871,0.537000000000,0
0.853000000000,0.642166666667,0.913616581298,0.536750000000,0
0.854000000000,0.642333333333,0.913743193898,0.536500000000,0
0.855000000000,0.642500000000,0.913869623034,0.536250000000,0
0.856000000000,0.642666666667,0.913995869069,0.536000000000,0
0.857000000000,0.642833333333,0.914121932364,0.535750000000,0
0.858000000000,0.643000000000,0.914247813278,0.535500000000,0
0.859000000000,0.643166666667,0.914373512169,0.535250000000,0
0.860000000000,0.643333333333,0.914499029395,0.535000000000,0
0.861000000000,0.643500000000,0.914624365312,0.534750000000,0
0.862000000000,0.643666666667,0.914749520277,0.534500000000,0
0.863000000000,0.643833333333,0.914874494642,0.534250000000,0
0.864000000000,0.644000000000,0.914999288762,0.534000000000,0
0.865000000000,0.644166666667,0.915123902988,0.533750000000,0
0.866000000000,0.644333333333,0.915248337672,0.533500000000,0
0.867000000000,0.644500000000,0.915372593164,0.533250000000,0
0.868000000000,0.644666666667,0.915496669812,0.533000000000,0
0.869000000000,0.644833333333,0.915620567964,0.532750000000,0
0.870000000000,0.645000000000,0.915744287968,0.532500000000,0
0.871000000000,0.645166666667,0.915867830170,0.532250000000,0
0.872000000000,0.645333333333,0.915991194914,0.532000000000,0
0.873000000000,0.645500000000,0.916114382544,0.531750000000,0
0.874000000000,0.645666666667,0.916237393402,0.531500000000,0
0.875000000000,0.645833333333,0.916360227832,0.531250000000,0
0.876000000000,0.646000000000,0.916482886173,0.531000000000,0
0.877000000000,0.646166666667,0.916605368765,0.530750000000,0
0.878000000000,0.646333333333,0.916727675948,0.530500000000,0
0.879000000000,0.646500000000,0.916849808058,0.530250000000,0
0.880000000000,0.646666666667,0.916971765433,0.530000000000,0
0.881000000000,0.646833333333,0.917093548408,0.529750000000,0
0.882000000000,0.647000000000,0.917215157319,0.529500000000,0
0.883000000000,0.647166666667,0.917336592498,0.529250000000,0
0.884000000000,0.647333333333,0.917457854280,0.529000000000,0
0.885000000000,0.647500000000,0.917578942995,0.528750000000,0
0.886000000000,0.647666666667,0.917699858975,0.528500000000,0
0.887000000000,0.647833333333,0.917820602549,0.528250000000,0
0.888000000000,0.648000000000,0.917941174047,0.528000000000,0
0.889000000000,0.648166666667,0.918061573797,0.527750000000,0
0.890000000000,0.648333333333,0.918181802125,0.527500000000,0
0.891000000000,0.648500000000,0.918301859357,0.527250000000,0
0.892000000000,0.648666666667,0.918421745820,0.527000000000,0
0.893000000000,0.648833333333,0.918541461836,0.526750000000,0
0.894000000000,0.649000000000,0.918661007730,0.526500000000,0
0.895000000000,0.649166666667,0.918780383823,0.526250000000,0
0.896000000000,0.649333333333,0.918899590437,0.526000000000,0
0.897000000000,0.649500000000,0.919018627892,0.525750000000,0
0.898000000000,0.649666666667,0.919137496508,0.525500000000,0
0.899000000000,0.649833333333,0.919256196604,0.525250000000,0
0.900000000000,0.650000000000,0.919374728497,0.525000000000,0
0.901000000000,0.650166666667,0.919493092504,0.524750000000,0
0.902000000000,0.650333333333,0.919611288940,0.524500000000,0
0.903000000000,0.650500000000,0.919729318122,0.524250000000,0
0.904000000000,0.650666666667,0.919847180362,0.524000000000,0
0.905000000000,0.650833333333,0.919964875974,0.523750000000,0
0.906000000000,0.651000000000,0.920082405270,0.523500000000,0
0.907000000000,0.651166666667,0.920199768561,0.523250000000,0
0.908000000000,0.651333333333,0.920316966159,0.523000000000,0
0.909000000000,0.651500000000,0.920433998372,0.522750000000,0
0.910000000000,0.651666666667,0.920550865509,0.522500000000,0
0.911000000000,0.651833333333,0.920667567878,0.522250000000,0
0.912000000000,0.652000000000,0.920784105786,0.522000000000,0
0.913000000000,0.652166666667,0.920900479539,0.521750000000,0
0.914000000000,0.652333333333,0.921016689442,0.521500000000,0
0.915000000000,0.652500000000,0.921132735800,0.521250000000,0
0.916000000000,0.652666666667,0.921248618915,0.521000000000,0
0.917000000000,0.652833333333,0.921364339091,0.520750000000,0
0.918000000000,0.653000000000,0.921479896629,0.520500000000,0
0.919000000000,0.653166666667,0.921595291831,0.520250000000,0
0.920000000000,0.653333333333,0.921710524995,0.520000000000,0
0.921000000000,0.653500000000,0.921825596422,0.519750000000,0
0.922000000000,0.653666666667,0.921940506410,0.519500000000,0
0.923000000000,0.653833333333,0.922055255255,0.519250000000,0
0.924000000000,0.654000000000,0.922169843256,0.519000000000,0
0.925000000000,0.654166666667,0.922284270707,0.518750000000,0
0.926000000000,0.654333333333,0.922398537904,0.518500000000,0
0.927000000000,0.654500000000,0.922512645140,0.518250000000,0
0.928000000000,0.654666666667,0.922626592710,0.518000000000,0
0.929000000000,0.654833333333,0.922740380905,0.517750000000,0
0.930000000000,0.655000000000,0.922854010018,0.517500000000,0
0.931000000000,0.655166666667,0.922967480340,0.517250000000,0
0.932000000000,0.655333333333,0.923080792159,0.517000000000,0
0.933000000000,0.655500000000,0.923193945766,0.516750000000,0
0.934000000000,0.655666666667,0.923306941450,0.516500000000,0
0.935000000000,0.655833333333,0.923419779497,0.516250000000,0
0.936000000000,0.656000000000,0.923532460195,0.516000000000,0
0.937000000000,0.656166666667,0.923644983829,0.515750000000,0
0.938000000000,0.656333333333,0.923757350686,0.515500000000,0
0.939000000000,0.656500000000,0.923869561049,0.515250000000,0
0.940000000000,0.656666666667,0.923981615202,0.515000000000,0
0.941000000000,0.656833333333,0.924093513428,0.514750000000,0
0.942000000000,0.657000000000,0.924205256009,0.514500000000,0
0.943000000000,0.657166666667,0.924316843227,0.514250000000,0
0.944000000000,0.657333333333,0.924428275363,0.514000000000,0
0.945000000000,0.657500000000,0.924539552695,0.513750000000,0
0.946000000000,0.657666666667,0.924650675503,0.513500000000,0
0.947000000000,0.657833333333,0.924761644065,0.513250000000,0
0.948000000000,0.658000000000,0.924872458659,0.513000000000,0
0.949000000000,0.658166666667,0.924983119562,0.512750000000,0
0.950000000000,0.658333333333,0.925093627049,0.512500000000,0
0.951000000000,0.658500000000,0.925203981396,0.512250000000,0
0.952000000000,0.658666666667,0.925314182877,0.512000000000,0
0.953000000000,0.658833333333,0.925424231766,0.511750000000,0
0.954000000000,0.659000000000,0.925534128336,0.511500000000,0
0.955000000000,0.659166666667,0.925643872859,0.511250000000,0
0.956000000000,0.659333333333,0.925753465606,0.511000000000,0
0.957000000000,0.659500000000,0.925862906849,0.510750000000,0
0.958000000000,0.659666666667,0.925972196858,0.510500000000,0
0.959000000000,0.659833333333,0.926081335901,0.510250000000,0
0.960000000000,0.660000000000,0.926190324247,0.510000000000,0
0.961000000000,0.660166666667,0.926299162165,0.509750000000,0
0.962000000000,0.660333333333,0.926407849920,0.509500000000,0
0.963000000000,0.660500000000,0.926516387780,0.509250000000,0
0.964000000000,0.660666666667,0.926624776011,0.509000000000,0
0.965000000000,0.660833333333,0.926733014876,0.508750000000,0
0.966000000000,0.661000000000,0.926841104641,0.508500000000,0
0.967000000000,0.661166666667,0.926949045569,0.508250000000,0
0.968000000000,0.661333333333,0.927056837922,0.508000000000,0
0.969000000000,0.661500000000,0.927164481964,0.507750000000,0
0.970000000000,0.661666666667,0.927271977954,0.507500000000,0
0.971000000000,0.661833333333,0.927379326155,0.507250000000,0
0.972000000000,0.662000000000,0.927486526825,0.507000000000,0
0.973000000000,0.662166666667,0.927593580225,0.506750000000,0
0.974000000000,0.662333333333,0.927700486612,0.506500000000,0
0.975000000000,0.662500000000,0.927807246246,0.506250000000,0
0.976000000000,0.662666666667,0.927913859382,0.506000000000,0
0.977000000000,0.662833333333,0.928020326278,0.505750000000,0
0.978000000000,0.663000000000,0.928126647189,0.505500000000,0
0.979000000000,0.663166666667,0.928232822370,0.505250000000,0
0.980000000000,0.663333333333,0.928338852077,0.505000000000,0
0.981000000000,0.663500000000,0.928444736563,0.504750000000,0
0.982000000000,0.663666666667,0.928550476080,0.504500000000,0
0.983000000000,0.663833333333,0.928656070882,0.504250000000,0
0.984000000000,0.664000000000,0.928761521221,0.504000000000,0
0.985000000000,0.664166666667,0.928866827346,0.503750000000,0
0.986000000000,0.664333333333,0.928971989510,0.503500000000,0
0.987000000000,0.664500000000,0.929077007962,0.503250000000,0
0.988000000000,0.664666666667,0.929181882950,0.503000000000,0
0.989000000000,0.664833333333,0.929286614724,0.502750000000,0
0.990000000000,0.665000000000,0.929391203531,0.502500000000,0
0.991000000000,0.665166666667,0.929495649618,0.502250000000,0
0.992000000000,0.665333333333,0.929599953233,0.502000000000,0
0.993000000000,0.665500000000,0.929704114620,0.501750000000,0
0.994000000000,0.665666666667,0.929808134026,0.501500000000,0
0.995000000000,0.665833333333,0.929912011694,0.501250000000,0
0.996000000000,0.666000000000,0.930015747869,0.501000000000,0
0.997000000000,0.666166666667,0.930119342794,0.500750000000,0
0.998000000000,0.666333333333,0.930222796711,0.500500000000,0
0.999000000000,0.666500000000,0.930326109864,0.500250000000,0
0.999999999999,0.666666666666,0.930429282493,0.500000000000,0
